id_batiment,infra_id
E000001,"['P000308', 'P007111', 'P007819', 'P007983']"
E000002,"['P000308', 'P007111', 'P007240', 'P007983']"
E000003,"['P007111', 'P007113', 'P007823', 'P007984']"
E000004,"['P000308', 'P000378', 'P007111', 'P007393', 'P007983']"
E000005,"['P000308', 'P000378', 'P007111', 'P007249', 'P007983']"
E000006,"['P000308', 'P007111', 'P007173', 'P007983']"
E000007,"['P000181', 'P007111', 'P007132', 'P007982']"
E000008,"['P000352', 'P007111', 'P007320', 'P007982']"
E000009,"['P000352', 'P007111', 'P007286', 'P007982']"
E000010,"['P000352', 'P007111', 'P007115', 'P007982']"
E000011,"['P000352', 'P007111', 'P007321', 'P007982']"
E000012,"['P000241', 'P007111', 'P007150', 'P007982']"
E000013,"['P000241', 'P007111', 'P007151', 'P007982']"
E000014,"['P000241', 'P007111', 'P007397', 'P007982']"
E000015,"['P000020', 'P000160', 'P000348', 'P007111', 'P007255', 'P007983']"
E000016,"['P000020', 'P000160', 'P000348', 'P007111', 'P007333', 'P007983']"
E000017,"['P000029', 'P000241', 'P007111', 'P007325', 'P007982']"
E000018,"['P000029', 'P000241', 'P007111', 'P007381', 'P007982']"
E000019,"['P000170', 'P000241', 'P007111', 'P007215', 'P007982']"
E000020,"['P000170', 'P000241', 'P007111', 'P007145', 'P007982']"
E000021,"['P000170', 'P000241', 'P007111', 'P007225', 'P007982']"
E000022,"['P000040', 'P000241', 'P007111', 'P007277', 'P007982']"
E000023,"['P000241', 'P000298', 'P007111', 'P007122', 'P007982']"
E000024,"['P000241', 'P000298', 'P007111', 'P007368', 'P007982']"
E000025,"['P000181', 'P000381', 'P000394', 'P000395', 'P007111', 'P007251', 'P007982']"
E000026,"['P000181', 'P000381', 'P000394', 'P000395', 'P007111', 'P007243', 'P007982']"
E000027,"['P000181', 'P000381', 'P000394', 'P000395', 'P007111', 'P007146', 'P007982']"
E000028,"['P000181', 'P000381', 'P000394', 'P000395', 'P007111', 'P007338', 'P007982']"
E000029,"['P000181', 'P000334', 'P000394', 'P000395', 'P007111', 'P007328', 'P007982']"
E000030,"['P000181', 'P000334', 'P000394', 'P000395', 'P007111', 'P007244', 'P007982']"
E000031,"['P000181', 'P000334', 'P000394', 'P000395', 'P007111', 'P007133', 'P007982']"
E000032,"['P000181', 'P000334', 'P000394', 'P000395', 'P007111', 'P007152', 'P007982']"
E000033,"['P000181', 'P000334', 'P000394', 'P000395', 'P007111', 'P007227', 'P007982']"
E000034,"['P000052', 'P000181', 'P000394', 'P000395', 'P007111', 'P007177', 'P007982']"
E000035,"['P000052', 'P000181', 'P000394', 'P000395', 'P007111', 'P007354', 'P007982']"
E000036,"['P000020', 'P000148', 'P000160', 'P000348', 'P007111', 'P007402', 'P007983']"
E000037,"['P000020', 'P000148', 'P000160', 'P000348', 'P007111', 'P007395', 'P007983']"
E000038,"['P000020', 'P000148', 'P000160', 'P000348', 'P007111', 'P007347', 'P007983']"
E000039,"['P000015', 'P000020', 'P000160', 'P000348', 'P007111', 'P007193', 'P007983']"
E000040,"['P000160', 'P000187', 'P000308', 'P007111', 'P007239', 'P007983']"
E000041,"['P000160', 'P000187', 'P000308', 'P007111', 'P007226', 'P007983']"
E000042,"['P000160', 'P000308', 'P000347', 'P007111', 'P007259', 'P007983']"
E000043,"['P000160', 'P000308', 'P000347', 'P007111', 'P007135', 'P007983']"
E000044,"['P000160', 'P000308', 'P000347', 'P007111', 'P007378', 'P007983']"
E000045,"['P000181', 'P000256', 'P000334', 'P000394', 'P000395', 'P007111', 'P007287', 'P007982']"
E000046,"['P000181', 'P000256', 'P000334', 'P000394', 'P000395', 'P007111', 'P007387', 'P007982']"
E000047,"['P000181', 'P000256', 'P000334', 'P000394', 'P000395', 'P007111', 'P007376', 'P007982']"
E000048,"['P000181', 'P000256', 'P000334', 'P000394', 'P000395', 'P007111', 'P007305', 'P007982']"
E000049,"['P000126', 'P000181', 'P000381', 'P000394', 'P000395', 'P007111', 'P007200', 'P007982']"
E000050,"['P000126', 'P000181', 'P000381', 'P000394', 'P000395', 'P007111', 'P007300', 'P007982']"
E000051,"['P000126', 'P000181', 'P000381', 'P000394', 'P000395', 'P007111', 'P007184', 'P007982']"
E000052,"['P000126', 'P000181', 'P000381', 'P000394', 'P000395', 'P007111', 'P007143', 'P007982']"
E000053,"['P000123', 'P000181', 'P000334', 'P000394', 'P000395', 'P007111', 'P007120', 'P007982']"
E000054,"['P000123', 'P000181', 'P000334', 'P000394', 'P000395', 'P007111', 'P007168', 'P007982']"
E000055,"['P000123', 'P000181', 'P000334', 'P000394', 'P000395', 'P007111', 'P007199', 'P007982']"
E000056,"['P000020', 'P000148', 'P000160', 'P000301', 'P000348', 'P007111', 'P007408', 'P007983']"
E000057,"['P000020', 'P000148', 'P000160', 'P000301', 'P000348', 'P007111', 'P007319', 'P007983']"
E000058,"['P000020', 'P000148', 'P000160', 'P000348', 'P007111', 'P007315', 'P007983', 'P007986']"
E000059,"['P000020', 'P000148', 'P000160', 'P000348', 'P007111', 'P007166', 'P007983', 'P007986']"
E000060,"['P000015', 'P000020', 'P000160', 'P000348', 'P000374', 'P007111', 'P007116', 'P007983']"
E000061,"['P000015', 'P000020', 'P000075', 'P000160', 'P000348', 'P007111', 'P007295', 'P007983']"
E000062,"['P000015', 'P000020', 'P000075', 'P000160', 'P000348', 'P007111', 'P007352', 'P007983']"
E000063,"['P000020', 'P000160', 'P000192', 'P000236', 'P000348', 'P007111', 'P007121', 'P007983']"
E000064,"['P000020', 'P000160', 'P000192', 'P000236', 'P000348', 'P007111', 'P007369', 'P007983']"
E000065,"['P000020', 'P000160', 'P000236', 'P000344', 'P000348', 'P007111', 'P007343', 'P007983']"
E000066,"['P000020', 'P000058', 'P000160', 'P000236', 'P000348', 'P007111', 'P007144', 'P007983']"
E000067,"['P000020', 'P000160', 'P000348', 'P002851', 'P006193', 'P007111', 'P007624', 'P007983']"
E000068,"['P000020', 'P000160', 'P000168', 'P000348', 'P007111', 'P007164', 'P007983']"
E000069,"['P000020', 'P000160', 'P000168', 'P000348', 'P007111', 'P007175', 'P007983']"
E000070,"['P000020', 'P000160', 'P000306', 'P000348', 'P007111', 'P007216', 'P007983']"
E000071,"['P000020', 'P000160', 'P000306', 'P000348', 'P007111', 'P007322', 'P007983']"
E000072,"['P000160', 'P000209', 'P000308', 'P000347', 'P007111', 'P007236', 'P007983']"
E000073,"['P000160', 'P000209', 'P000308', 'P000347', 'P007111', 'P007126', 'P007983']"
E000074,"['P000160', 'P000209', 'P000308', 'P000347', 'P007111', 'P007252', 'P007983']"
E000075,"['P000160', 'P000277', 'P000308', 'P000347', 'P007111', 'P007171', 'P007983']"
E000076,"['P000160', 'P000277', 'P000308', 'P000347', 'P007111', 'P007189', 'P007983']"
E000077,"['P000160', 'P000277', 'P000308', 'P000347', 'P007111', 'P007298', 'P007983']"
E000078,"['P000160', 'P000277', 'P000308', 'P000347', 'P007111', 'P007360', 'P007983']"
E000079,"['P000160', 'P000277', 'P000308', 'P000347', 'P007111', 'P007308', 'P007983']"
E000080,"['P000160', 'P000277', 'P000308', 'P000347', 'P007111', 'P007180', 'P007983']"
E000081,"['P000160', 'P000308', 'P000347', 'P000360', 'P007111', 'P007394', 'P007983']"
E000082,"['P000181', 'P000256', 'P000334', 'P000342', 'P000394', 'P000395', 'P007111', 'P007181', 'P007982']"
E000083,"['P000126', 'P000181', 'P000231', 'P000381', 'P000394', 'P000395', 'P007111', 'P007336', 'P007982']"
E000084,"['P000126', 'P000181', 'P000231', 'P000381', 'P000394', 'P000395', 'P007111', 'P007283', 'P007982']"
E000085,"['P000181', 'P000365', 'P000394', 'P000395', 'P005500', 'P007111', 'P007447', 'P007982', 'P007990']"
E000086,"['P000181', 'P000256', 'P000258', 'P000267', 'P000334', 'P000394', 'P000395', 'P007111', 'P007388', 'P007982']"
E000087,"['P000181', 'P000256', 'P000258', 'P000267', 'P000334', 'P000394', 'P000395', 'P007111', 'P007403', 'P007982']"
E000088,"['P000181', 'P000256', 'P000258', 'P000267', 'P000334', 'P000394', 'P000395', 'P007111', 'P007366', 'P007982']"
E000089,"['P000181', 'P000256', 'P000258', 'P000267', 'P000334', 'P000394', 'P000395', 'P007111', 'P007357', 'P007982']"
E000090,"['P000078', 'P000181', 'P000256', 'P000267', 'P000334', 'P000394', 'P000395', 'P007111', 'P007265', 'P007982']"
E000091,"['P000078', 'P000181', 'P000256', 'P000267', 'P000334', 'P000394', 'P000395', 'P007111', 'P007382', 'P007982']"
E000092,"['P000078', 'P000181', 'P000256', 'P000267', 'P000334', 'P000394', 'P000395', 'P007111', 'P007334', 'P007982']"
E000093,"['P000078', 'P000181', 'P000256', 'P000267', 'P000334', 'P000394', 'P000395', 'P007111', 'P007273', 'P007982']"
E000094,"['P000103', 'P000181', 'P000256', 'P000267', 'P000334', 'P000394', 'P000395', 'P007111', 'P007211', 'P007982']"
E000095,"['P000103', 'P000181', 'P000256', 'P000267', 'P000334', 'P000394', 'P000395', 'P007111', 'P007416', 'P007982']"
E000096,"['P000103', 'P000181', 'P000256', 'P000267', 'P000334', 'P000394', 'P000395', 'P007111', 'P007413', 'P007982']"
E000097,"['P000103', 'P000181', 'P000256', 'P000267', 'P000334', 'P000394', 'P000395', 'P007111', 'P007142', 'P007982']"
E000098,"['P000181', 'P000256', 'P000334', 'P000342', 'P000394', 'P000395', 'P005531', 'P007111', 'P007639', 'P007982']"
E000099,"['P000181', 'P000256', 'P000299', 'P000334', 'P000342', 'P000394', 'P000395', 'P007111', 'P007156', 'P007982']"
E000100,"['P000181', 'P000256', 'P000299', 'P000334', 'P000342', 'P000394', 'P000395', 'P007111', 'P007190', 'P007982']"
E000101,"['P000003', 'P000126', 'P000181', 'P000231', 'P000381', 'P000394', 'P000395', 'P007111', 'P007392', 'P007982']"
E000102,"['P000003', 'P000126', 'P000181', 'P000231', 'P000381', 'P000394', 'P000395', 'P007111', 'P007371', 'P007982']"
E000103,"['P000126', 'P000181', 'P000196', 'P000231', 'P000381', 'P000394', 'P000395', 'P007111', 'P007124', 'P007982']"
E000104,"['P000126', 'P000181', 'P000196', 'P000231', 'P000381', 'P000394', 'P000395', 'P007111', 'P007344', 'P007982']"
E000105,"['P000126', 'P000181', 'P000196', 'P000231', 'P000381', 'P000394', 'P000395', 'P007111', 'P007279', 'P007982']"
E000106,"['P000181', 'P000365', 'P000394', 'P000395', 'P001391', 'P005500', 'P007111', 'P007752', 'P007982', 'P007990']"
E000107,"['P000181', 'P000365', 'P000394', 'P000395', 'P001391', 'P005500', 'P007111', 'P007689', 'P007982', 'P007990']"
E000108,"['P000181', 'P000365', 'P000394', 'P000395', 'P005500', 'P007111', 'P007476', 'P007982', 'P007991', 'P007997']"
E000109,"['P000181', 'P000365', 'P000394', 'P000395', 'P005500', 'P007111', 'P007572', 'P007982', 'P007991', 'P007997']"
E000110,"['P000181', 'P000365', 'P000394', 'P000395', 'P005500', 'P007111', 'P007554', 'P007982', 'P007991', 'P007998']"
E000111,"['P000020', 'P000160', 'P000348', 'P005770', 'P007111', 'P007813', 'P007983', 'P007985']"
E000112,"['P000181', 'P000256', 'P000299', 'P000334', 'P000342', 'P000394', 'P000395', 'P005664', 'P007111', 'P007448', 'P007982']"
E000113,"['P000181', 'P000256', 'P000299', 'P000334', 'P000342', 'P000394', 'P000395', 'P007111', 'P007182', 'P007982', 'P007993']"
E000114,"['P000147', 'P000181', 'P000256', 'P000334', 'P000342', 'P000394', 'P000395', 'P007111', 'P007280', 'P007982', 'P007987']"
E000115,"['P000147', 'P000181', 'P000256', 'P000334', 'P000342', 'P000394', 'P000395', 'P007111', 'P007323', 'P007982', 'P007987']"
E000116,"['P000147', 'P000181', 'P000256', 'P000334', 'P000342', 'P000394', 'P000395', 'P007111', 'P007229', 'P007982', 'P007987']"
E000117,"['P000147', 'P000181', 'P000256', 'P000334', 'P000342', 'P000394', 'P000395', 'P007111', 'P007358', 'P007982', 'P007987']"
E000118,"['P000046', 'P000163', 'P000181', 'P000279', 'P000290', 'P000292', 'P000317', 'P000326', 'P000394', 'P007111', 'P007291', 'P007982']"
E000119,"['P000046', 'P000163', 'P000181', 'P000279', 'P000290', 'P000292', 'P000317', 'P000326', 'P000394', 'P007111', 'P007141', 'P007982']"
E000120,"['P000147', 'P000149', 'P000181', 'P000256', 'P000334', 'P000342', 'P000394', 'P000395', 'P007111', 'P007400', 'P007982', 'P008000']"
E000121,"['P000009', 'P000046', 'P000163', 'P000181', 'P000279', 'P000290', 'P000292', 'P000317', 'P000326', 'P000394', 'P007111', 'P007234', 'P007982']"
E000122,"['P000046', 'P000163', 'P000181', 'P000279', 'P000290', 'P000292', 'P000317', 'P000326', 'P000331', 'P000394', 'P007111', 'P007187', 'P007982']"
E000123,"['P000046', 'P000163', 'P000181', 'P000279', 'P000290', 'P000292', 'P000317', 'P000326', 'P000394', 'P007111', 'P007310', 'P007982']"
E000124,"['P000046', 'P000163', 'P000181', 'P000279', 'P000290', 'P000292', 'P000317', 'P000394', 'P007111', 'P007353', 'P007982']"
E000125,"['P000046', 'P000163', 'P000181', 'P000279', 'P000290', 'P000292', 'P000317', 'P000394', 'P007111', 'P007222', 'P007982']"
E000126,"['P000046', 'P000163', 'P000181', 'P000279', 'P000290', 'P000292', 'P000317', 'P000394', 'P007111', 'P007331', 'P007982']"
E000127,"['P000147', 'P000149', 'P000181', 'P000256', 'P000334', 'P000342', 'P000394', 'P000395', 'P000873', 'P005117', 'P007111', 'P007790', 'P007982']"
E000128,"['P000147', 'P000181', 'P000256', 'P000334', 'P000342', 'P000394', 'P000395', 'P001156', 'P005317', 'P007111', 'P007679', 'P007982', 'P007987']"
E000129,"['P000147', 'P000181', 'P000256', 'P000334', 'P000342', 'P000394', 'P000395', 'P005317', 'P007111', 'P007485', 'P007982', 'P007987', 'P007999']"
E000130,"['P000009', 'P000046', 'P000163', 'P000181', 'P000279', 'P000290', 'P000292', 'P000317', 'P000323', 'P000326', 'P000394', 'P007111', 'P007370', 'P007982']"
E000131,"['P000009', 'P000046', 'P000163', 'P000181', 'P000279', 'P000290', 'P000292', 'P000317', 'P000323', 'P000326', 'P000394', 'P007111', 'P007407', 'P007982']"
E000132,"['P000009', 'P000046', 'P000163', 'P000181', 'P000198', 'P000279', 'P000290', 'P000292', 'P000317', 'P000326', 'P000394', 'P007111', 'P007231', 'P007982']"
E000133,"['P000009', 'P000046', 'P000163', 'P000181', 'P000198', 'P000279', 'P000290', 'P000292', 'P000317', 'P000326', 'P000394', 'P007111', 'P007297', 'P007982']"
E000134,"['P000009', 'P000046', 'P000163', 'P000181', 'P000198', 'P000279', 'P000290', 'P000292', 'P000317', 'P000326', 'P000394', 'P007111', 'P007409', 'P007982']"
E000135,"['P000046', 'P000113', 'P000163', 'P000181', 'P000279', 'P000290', 'P000292', 'P000317', 'P000326', 'P000331', 'P000394', 'P007111', 'P007233', 'P007982']"
E000136,"['P000046', 'P000113', 'P000163', 'P000181', 'P000279', 'P000290', 'P000292', 'P000317', 'P000326', 'P000331', 'P000394', 'P007111', 'P007337', 'P007982']"
E000137,"['P000046', 'P000163', 'P000181', 'P000221', 'P000279', 'P000290', 'P000292', 'P000317', 'P000326', 'P000331', 'P000394', 'P007111', 'P007350', 'P007982']"
E000138,"['P000046', 'P000163', 'P000181', 'P000221', 'P000279', 'P000290', 'P000292', 'P000317', 'P000326', 'P000331', 'P000394', 'P007111', 'P007201', 'P007982']"
E000139,"['P000046', 'P000163', 'P000181', 'P000279', 'P000290', 'P000292', 'P000317', 'P000394', 'P007111', 'P007204', 'P007982']"
E000140,"['P000046', 'P000163', 'P000181', 'P000279', 'P000290', 'P000292', 'P000317', 'P000394', 'P007111', 'P007123', 'P007982']"
E000141,"['P000046', 'P000163', 'P000181', 'P000279', 'P000290', 'P000292', 'P000317', 'P000394', 'P007111', 'P007186', 'P007982']"
E000142,"['P000046', 'P000163', 'P000181', 'P000279', 'P000290', 'P000292', 'P000317', 'P000394', 'P007111', 'P007372', 'P007982']"
E000143,"['P000046', 'P000163', 'P000181', 'P000279', 'P000290', 'P000292', 'P000317', 'P000394', 'P007111', 'P007266', 'P007982']"
E000144,"['P000147', 'P000149', 'P000181', 'P000256', 'P000334', 'P000342', 'P000394', 'P000395', 'P005117', 'P007111', 'P007737', 'P007982', 'P008002', 'P008006']"
E000145,"['P000147', 'P000149', 'P000181', 'P000256', 'P000334', 'P000342', 'P000394', 'P000395', 'P005117', 'P007111', 'P007638', 'P007982', 'P008002', 'P008007']"
E000146,"['P000181', 'P000265', 'P000381', 'P000394', 'P000395', 'P000644', 'P000719', 'P000732', 'P005100', 'P007111', 'P007802', 'P007982', 'P008001']"
E000147,"['P000046', 'P000163', 'P000181', 'P000279', 'P000290', 'P000292', 'P000294', 'P000317', 'P000326', 'P000331', 'P000349', 'P000394', 'P007111', 'P007817', 'P007982']"
E000148,"['P000046', 'P000163', 'P000181', 'P000230', 'P000279', 'P000290', 'P000292', 'P000317', 'P000326', 'P000331', 'P000349', 'P000394', 'P007111', 'P007128', 'P007982']"
E000149,"['P000046', 'P000163', 'P000181', 'P000230', 'P000279', 'P000290', 'P000292', 'P000317', 'P000326', 'P000331', 'P000349', 'P000394', 'P007111', 'P007125', 'P007982']"
E000150,"['P000046', 'P000163', 'P000181', 'P000245', 'P000279', 'P000290', 'P000292', 'P000317', 'P000326', 'P000331', 'P000349', 'P000394', 'P007111', 'P007314', 'P007982']"
E000151,"['P000046', 'P000163', 'P000181', 'P000245', 'P000279', 'P000290', 'P000292', 'P000317', 'P000326', 'P000331', 'P000349', 'P000394', 'P007111', 'P007365', 'P007982']"
E000152,"['P000046', 'P000163', 'P000181', 'P000221', 'P000223', 'P000279', 'P000290', 'P000292', 'P000317', 'P000326', 'P000331', 'P000394', 'P007111', 'P007196', 'P007982']"
E000153,"['P000046', 'P000163', 'P000181', 'P000221', 'P000223', 'P000279', 'P000290', 'P000292', 'P000317', 'P000326', 'P000331', 'P000394', 'P007111', 'P007183', 'P007982']"
E000154,"['P000046', 'P000163', 'P000181', 'P000279', 'P000290', 'P000292', 'P000317', 'P000394', 'P007111', 'P007267', 'P007982']"
E000155,"['P000046', 'P000163', 'P000181', 'P000279', 'P000290', 'P000292', 'P000317', 'P000394', 'P007111', 'P007327', 'P007982']"
E000156,"['P000046', 'P000163', 'P000181', 'P000279', 'P000290', 'P000292', 'P000312', 'P000317', 'P000394', 'P000403', 'P007111', 'P007160', 'P007982']"
E000157,"['P000046', 'P000163', 'P000166', 'P000181', 'P000279', 'P000290', 'P000292', 'P000317', 'P000394', 'P000403', 'P007111', 'P007203', 'P007982']"
E000158,"['P000046', 'P000163', 'P000166', 'P000181', 'P000279', 'P000290', 'P000292', 'P000317', 'P000394', 'P000403', 'P007111', 'P007380', 'P007982']"
E000159,"['P000046', 'P000163', 'P000166', 'P000181', 'P000279', 'P000290', 'P000292', 'P000317', 'P000394', 'P000403', 'P007111', 'P007341', 'P007982']"
E000160,"['P000181', 'P000265', 'P000381', 'P000394', 'P000395', 'P000600', 'P000719', 'P000723', 'P000732', 'P005100', 'P007111', 'P007641', 'P007982', 'P008001', 'P008005']"
E000161,"['P000181', 'P000265', 'P000381', 'P000394', 'P000395', 'P000604', 'P000719', 'P000732', 'P005100', 'P007111', 'P007580', 'P007982', 'P008001', 'P008005', 'P008009']"
E000162,"['P000046', 'P000163', 'P000181', 'P000279', 'P000290', 'P000292', 'P000294', 'P000317', 'P000326', 'P000331', 'P000349', 'P000394', 'P000400', 'P007111', 'P007362', 'P007982']"
E000163,"['P000046', 'P000163', 'P000181', 'P000279', 'P000290', 'P000292', 'P000294', 'P000317', 'P000326', 'P000331', 'P000349', 'P000394', 'P000400', 'P007111', 'P007364', 'P007982']"
E000164,"['P000046', 'P000134', 'P000163', 'P000181', 'P000279', 'P000290', 'P000292', 'P000317', 'P000394', 'P007111', 'P007299', 'P007982']"
E000165,"['P000046', 'P000134', 'P000163', 'P000181', 'P000279', 'P000290', 'P000292', 'P000317', 'P000394', 'P007111', 'P007391', 'P007982']"
E000166,"['P000046', 'P000134', 'P000163', 'P000181', 'P000279', 'P000290', 'P000292', 'P000317', 'P000394', 'P007111', 'P007268', 'P007982']"
E000167,"['P000046', 'P000134', 'P000163', 'P000181', 'P000279', 'P000290', 'P000292', 'P000317', 'P000394', 'P007111', 'P007374', 'P007982']"
E000168,"['P000046', 'P000134', 'P000163', 'P000181', 'P000279', 'P000290', 'P000292', 'P000317', 'P000394', 'P007111', 'P007194', 'P007982']"
E000169,"['P000046', 'P000134', 'P000163', 'P000181', 'P000279', 'P000290', 'P000292', 'P000317', 'P000394', 'P007111', 'P007155', 'P007982']"
E000170,"['P000046', 'P000134', 'P000163', 'P000181', 'P000279', 'P000290', 'P000292', 'P000317', 'P000394', 'P007111', 'P007356', 'P007982']"
E000171,"['P000046', 'P000134', 'P000163', 'P000181', 'P000279', 'P000290', 'P000292', 'P000317', 'P000394', 'P007111', 'P007303', 'P007982']"
E000172,"['P000046', 'P000145', 'P000163', 'P000181', 'P000279', 'P000290', 'P000292', 'P000312', 'P000317', 'P000394', 'P000403', 'P007111', 'P007330', 'P007982']"
E000173,"['P000046', 'P000145', 'P000163', 'P000181', 'P000279', 'P000290', 'P000292', 'P000312', 'P000317', 'P000394', 'P000403', 'P007111', 'P007292', 'P007982']"
E000174,"['P000181', 'P000265', 'P000381', 'P000394', 'P000395', 'P000719', 'P000723', 'P000732', 'P005100', 'P007111', 'P007785', 'P007982', 'P008001', 'P008005', 'P008008', 'P008021']"
E000175,"['P000181', 'P000265', 'P000381', 'P000394', 'P000395', 'P000719', 'P000723', 'P000732', 'P005100', 'P007111', 'P007595', 'P007982', 'P008001', 'P008005', 'P008008', 'P008022']"
E000176,"['P000181', 'P000265', 'P000381', 'P000394', 'P000395', 'P000719', 'P000732', 'P005100', 'P007111', 'P007562', 'P007982', 'P008001', 'P008005', 'P008009', 'P008015', 'P008023']"
E000177,"['P000181', 'P000265', 'P000381', 'P000394', 'P000395', 'P000719', 'P000732', 'P005100', 'P007111', 'P007566', 'P007982', 'P008001', 'P008005', 'P008009', 'P008015', 'P008024']"
E000178,"['P000181', 'P000265', 'P000381', 'P000394', 'P000395', 'P000494', 'P000719', 'P000732', 'P000750', 'P005100', 'P007111', 'P007727', 'P007982', 'P008001', 'P008003', 'P008004']"
E000179,"['P000046', 'P000084', 'P000134', 'P000153', 'P000163', 'P000181', 'P000253', 'P000279', 'P000290', 'P000292', 'P000296', 'P000317', 'P000372', 'P000394', 'P007111', 'P007256', 'P007982']"
E000180,"['P000046', 'P000084', 'P000134', 'P000153', 'P000163', 'P000181', 'P000253', 'P000279', 'P000290', 'P000292', 'P000296', 'P000317', 'P000372', 'P000394', 'P007111', 'P007235', 'P007982']"
E000181,"['P000046', 'P000084', 'P000134', 'P000153', 'P000163', 'P000181', 'P000253', 'P000279', 'P000290', 'P000292', 'P000296', 'P000317', 'P000372', 'P000394', 'P007111', 'P007140', 'P007982']"
E000182,"['P000046', 'P000084', 'P000134', 'P000153', 'P000163', 'P000181', 'P000253', 'P000279', 'P000290', 'P000292', 'P000296', 'P000317', 'P000372', 'P000394', 'P007111', 'P007264', 'P007982']"
E000183,"['P000046', 'P000163', 'P000181', 'P000279', 'P000290', 'P000292', 'P000294', 'P000317', 'P000326', 'P000331', 'P000349', 'P000394', 'P005000', 'P007111', 'P007530', 'P007982', 'P008027']"
E000184,"['P000046', 'P000163', 'P000181', 'P000279', 'P000290', 'P000292', 'P000294', 'P000317', 'P000326', 'P000331', 'P000349', 'P000394', 'P005000', 'P007111', 'P007593', 'P007982', 'P008028']"
E000185,"['P000046', 'P000163', 'P000181', 'P000279', 'P000290', 'P000292', 'P000317', 'P000394', 'P002717', 'P006106', 'P007111', 'P007565', 'P007982']"
E000186,"['P000046', 'P000134', 'P000163', 'P000181', 'P000279', 'P000290', 'P000292', 'P000317', 'P000372', 'P000394', 'P007111', 'P007410', 'P007982']"
E000187,"['P000046', 'P000134', 'P000163', 'P000181', 'P000279', 'P000290', 'P000292', 'P000317', 'P000372', 'P000394', 'P007111', 'P007278', 'P007982']"
E000188,"['P000046', 'P000163', 'P000166', 'P000181', 'P000279', 'P000290', 'P000292', 'P000317', 'P000394', 'P000403', 'P002445', 'P005915', 'P007111', 'P007764', 'P007982']"
E000189,"['P000046', 'P000163', 'P000181', 'P000279', 'P000289', 'P000290', 'P000292', 'P000317', 'P000394', 'P007111', 'P007390', 'P007982']"
E000190,"['P000046', 'P000151', 'P000163', 'P000181', 'P000279', 'P000290', 'P000292', 'P000317', 'P000394', 'P007111', 'P007220', 'P007982']"
E000191,"['P000046', 'P000151', 'P000163', 'P000181', 'P000279', 'P000290', 'P000292', 'P000317', 'P000394', 'P007111', 'P007301', 'P007982']"
E000192,"['P000046', 'P000163', 'P000181', 'P000279', 'P000290', 'P000292', 'P000317', 'P000394', 'P007111', 'P007339', 'P007982']"
E000193,"['P000181', 'P000265', 'P000381', 'P000394', 'P000395', 'P000719', 'P000723', 'P000732', 'P005100', 'P007111', 'P007607', 'P007982', 'P008001', 'P008005', 'P008008', 'P008022', 'P008026']"
E000194,"['P000181', 'P000265', 'P000381', 'P000394', 'P000395', 'P000719', 'P000732', 'P005100', 'P007111', 'P007260', 'P007982', 'P008001']"
E000195,"['P000181', 'P000265', 'P000381', 'P000394', 'P000395', 'P000719', 'P000732', 'P005100', 'P007111', 'P007210', 'P007982', 'P008001']"
E000196,"['P000181', 'P000265', 'P000381', 'P000394', 'P000395', 'P000719', 'P000732', 'P005100', 'P007111', 'P007169', 'P007982', 'P008001']"
E000197,"['P000181', 'P000265', 'P000381', 'P000394', 'P000395', 'P000494', 'P000719', 'P000732', 'P000748', 'P005100', 'P007111', 'P007763', 'P007982', 'P008001', 'P008003', 'P008004']"
E000198,"['P000181', 'P000265', 'P000381', 'P000394', 'P000395', 'P000494', 'P000719', 'P000732', 'P005100', 'P007111', 'P007695', 'P007982', 'P008001', 'P008003', 'P008004', 'P008010', 'P008014']"
E000199,"['P000046', 'P000084', 'P000134', 'P000153', 'P000163', 'P000181', 'P000253', 'P000266', 'P000279', 'P000290', 'P000292', 'P000296', 'P000317', 'P000372', 'P000394', 'P007111', 'P007271', 'P007982']"
E000200,"['P000046', 'P000084', 'P000134', 'P000153', 'P000163', 'P000181', 'P000253', 'P000266', 'P000279', 'P000290', 'P000292', 'P000296', 'P000317', 'P000372', 'P000394', 'P007111', 'P007117', 'P007982']"
E000201,"['P000046', 'P000084', 'P000134', 'P000153', 'P000163', 'P000181', 'P000253', 'P000266', 'P000279', 'P000290', 'P000292', 'P000296', 'P000317', 'P000372', 'P000394', 'P007111', 'P007349', 'P007982']"
E000202,"['P000046', 'P000084', 'P000134', 'P000153', 'P000163', 'P000181', 'P000253', 'P000266', 'P000279', 'P000290', 'P000292', 'P000296', 'P000317', 'P000372', 'P000394', 'P007111', 'P007208', 'P007982']"
E000203,"['P000046', 'P000084', 'P000134', 'P000141', 'P000153', 'P000163', 'P000181', 'P000253', 'P000279', 'P000290', 'P000292', 'P000296', 'P000317', 'P000372', 'P000394', 'P007111', 'P007285', 'P007982']"
E000204,"['P000046', 'P000084', 'P000134', 'P000141', 'P000153', 'P000163', 'P000181', 'P000253', 'P000279', 'P000290', 'P000292', 'P000296', 'P000317', 'P000372', 'P000394', 'P007111', 'P007119', 'P007982']"
E000205,"['P000046', 'P000084', 'P000134', 'P000141', 'P000153', 'P000163', 'P000181', 'P000253', 'P000279', 'P000290', 'P000292', 'P000296', 'P000317', 'P000372', 'P000394', 'P007111', 'P007202', 'P007982']"
E000206,"['P000046', 'P000084', 'P000134', 'P000153', 'P000163', 'P000181', 'P000253', 'P000279', 'P000290', 'P000292', 'P000296', 'P000317', 'P000372', 'P000394', 'P007111', 'P007359', 'P007982']"
E000207,"['P000046', 'P000084', 'P000134', 'P000153', 'P000163', 'P000181', 'P000253', 'P000279', 'P000290', 'P000292', 'P000296', 'P000317', 'P000372', 'P000394', 'P007111', 'P007139', 'P007982']"
E000208,"['P000046', 'P000084', 'P000134', 'P000153', 'P000163', 'P000181', 'P000253', 'P000279', 'P000290', 'P000292', 'P000296', 'P000317', 'P000372', 'P000394', 'P007111', 'P007290', 'P007982']"
E000209,"['P000046', 'P000084', 'P000134', 'P000153', 'P000163', 'P000181', 'P000253', 'P000279', 'P000290', 'P000292', 'P000296', 'P000317', 'P000372', 'P000394', 'P007111', 'P007367', 'P007982']"
E000210,"['P000046', 'P000134', 'P000163', 'P000181', 'P000279', 'P000290', 'P000292', 'P000296', 'P000317', 'P000372', 'P000394', 'P007111', 'P007401', 'P007982']"
E000211,"['P000046', 'P000134', 'P000163', 'P000181', 'P000279', 'P000290', 'P000292', 'P000296', 'P000317', 'P000372', 'P000394', 'P007111', 'P007245', 'P007982']"
E000212,"['P000046', 'P000134', 'P000163', 'P000181', 'P000279', 'P000290', 'P000292', 'P000296', 'P000317', 'P000372', 'P000394', 'P007111', 'P007158', 'P007982']"
E000213,"['P000046', 'P000115', 'P000163', 'P000181', 'P000279', 'P000290', 'P000292', 'P000314', 'P000317', 'P000353', 'P000394', 'P007111', 'P007257', 'P007982']"
E000214,"['P000046', 'P000115', 'P000163', 'P000181', 'P000279', 'P000290', 'P000292', 'P000314', 'P000317', 'P000353', 'P000394', 'P007111', 'P007127', 'P007982']"
E000215,"['P000046', 'P000115', 'P000163', 'P000181', 'P000279', 'P000290', 'P000292', 'P000314', 'P000317', 'P000353', 'P000394', 'P007111', 'P007396', 'P007982']"
E000216,"['P000046', 'P000115', 'P000163', 'P000181', 'P000279', 'P000290', 'P000292', 'P000317', 'P000394', 'P007111', 'P007232', 'P007982']"
E000217,"['P000046', 'P000115', 'P000163', 'P000181', 'P000279', 'P000290', 'P000292', 'P000317', 'P000394', 'P007111', 'P007246', 'P007982']"
E000218,"['P000046', 'P000115', 'P000163', 'P000181', 'P000279', 'P000290', 'P000292', 'P000317', 'P000394', 'P007111', 'P007275', 'P007982']"
E000219,"['P000046', 'P000115', 'P000163', 'P000181', 'P000279', 'P000290', 'P000292', 'P000317', 'P000394', 'P007111', 'P007176', 'P007982']"
E000220,"['P000046', 'P000151', 'P000163', 'P000181', 'P000203', 'P000279', 'P000290', 'P000292', 'P000317', 'P000394', 'P007111', 'P007324', 'P007982']"
E000221,"['P000046', 'P000151', 'P000163', 'P000181', 'P000203', 'P000279', 'P000290', 'P000292', 'P000317', 'P000394', 'P007111', 'P007383', 'P007982']"
E000222,"['P000046', 'P000163', 'P000181', 'P000279', 'P000290', 'P000292', 'P000317', 'P000394', 'P005820', 'P007111', 'P007627', 'P007982']"
E000223,"['P000046', 'P000163', 'P000181', 'P000206', 'P000279', 'P000290', 'P000292', 'P000317', 'P000394', 'P007111', 'P007351', 'P007982']"
E000224,"['P000046', 'P000163', 'P000181', 'P000206', 'P000279', 'P000290', 'P000292', 'P000317', 'P000394', 'P007111', 'P007221', 'P007982']"
E000225,"['P000181', 'P000265', 'P000381', 'P000394', 'P000395', 'P000719', 'P000732', 'P005100', 'P007111', 'P007157', 'P007982', 'P008001']"
E000226,"['P000181', 'P000265', 'P000381', 'P000394', 'P000395', 'P000494', 'P000719', 'P000732', 'P000744', 'P005100', 'P007111', 'P007458', 'P007982', 'P008001', 'P008003', 'P008004']"
E000227,"['P000181', 'P000265', 'P000381', 'P000394', 'P000395', 'P000494', 'P000719', 'P000732', 'P000744', 'P005100', 'P007111', 'P007686', 'P007982', 'P008001', 'P008003', 'P008004']"
E000228,"['P000181', 'P000265', 'P000381', 'P000394', 'P000395', 'P000494', 'P000719', 'P000732', 'P005100', 'P007111', 'P007810', 'P007982', 'P008001', 'P008003', 'P008004', 'P008010', 'P008011', 'P008012']"
E000229,"['P000181', 'P000265', 'P000381', 'P000394', 'P000395', 'P000494', 'P000719', 'P000732', 'P005100', 'P007111', 'P007731', 'P007982', 'P008001', 'P008003', 'P008004', 'P008010', 'P008011', 'P008012']"
E000230,"['P000046', 'P000084', 'P000134', 'P000139', 'P000153', 'P000163', 'P000181', 'P000253', 'P000266', 'P000279', 'P000290', 'P000292', 'P000296', 'P000317', 'P000372', 'P000394', 'P007111', 'P007148', 'P007982']"
E000231,"['P000046', 'P000084', 'P000134', 'P000139', 'P000153', 'P000163', 'P000181', 'P000253', 'P000266', 'P000279', 'P000290', 'P000292', 'P000296', 'P000317', 'P000372', 'P000394', 'P007111', 'P007230', 'P007982']"
E000232,"['P000046', 'P000084', 'P000134', 'P000139', 'P000153', 'P000163', 'P000181', 'P000253', 'P000266', 'P000279', 'P000290', 'P000292', 'P000296', 'P000317', 'P000372', 'P000394', 'P007111', 'P007248', 'P007982']"
E000233,"['P000046', 'P000049', 'P000084', 'P000134', 'P000141', 'P000153', 'P000163', 'P000181', 'P000253', 'P000279', 'P000290', 'P000292', 'P000296', 'P000317', 'P000372', 'P000394', 'P007111', 'P007172', 'P007982']"
E000234,"['P000046', 'P000049', 'P000084', 'P000134', 'P000141', 'P000153', 'P000163', 'P000181', 'P000253', 'P000279', 'P000290', 'P000292', 'P000296', 'P000317', 'P000372', 'P000394', 'P007111', 'P007212', 'P007982']"
E000235,"['P000046', 'P000049', 'P000084', 'P000134', 'P000141', 'P000153', 'P000163', 'P000181', 'P000253', 'P000279', 'P000290', 'P000292', 'P000296', 'P000317', 'P000372', 'P000394', 'P007111', 'P007340', 'P007982']"
E000236,"['P000046', 'P000049', 'P000084', 'P000134', 'P000141', 'P000153', 'P000163', 'P000181', 'P000253', 'P000279', 'P000290', 'P000292', 'P000296', 'P000317', 'P000372', 'P000394', 'P007111', 'P007154', 'P007982']"
E000237,"['P000046', 'P000084', 'P000134', 'P000153', 'P000163', 'P000181', 'P000253', 'P000279', 'P000290', 'P000292', 'P000296', 'P000317', 'P000372', 'P000394', 'P007111', 'P007313', 'P007982']"
E000238,"['P000046', 'P000084', 'P000134', 'P000153', 'P000163', 'P000181', 'P000253', 'P000279', 'P000290', 'P000292', 'P000296', 'P000317', 'P000372', 'P000394', 'P007111', 'P007219', 'P007982']"
E000239,"['P000046', 'P000115', 'P000163', 'P000181', 'P000216', 'P000279', 'P000290', 'P000292', 'P000314', 'P000317', 'P000353', 'P000394', 'P007111', 'P007179', 'P007982']"
E000240,"['P000046', 'P000115', 'P000163', 'P000181', 'P000279', 'P000290', 'P000292', 'P000314', 'P000317', 'P000353', 'P000394', 'P000402', 'P007111', 'P007311', 'P007982']"
E000241,"['P000046', 'P000115', 'P000163', 'P000181', 'P000279', 'P000290', 'P000292', 'P000314', 'P000317', 'P000353', 'P000394', 'P000402', 'P007111', 'P007261', 'P007982']"
E000242,"['P000046', 'P000115', 'P000163', 'P000181', 'P000279', 'P000290', 'P000292', 'P000314', 'P000317', 'P000353', 'P000394', 'P000402', 'P007111', 'P007269', 'P007982']"
E000243,"['P000046', 'P000115', 'P000163', 'P000181', 'P000279', 'P000290', 'P000292', 'P000314', 'P000317', 'P000353', 'P000394', 'P007111', 'P007384', 'P007982']"
E000244,"['P000046', 'P000115', 'P000163', 'P000181', 'P000279', 'P000290', 'P000292', 'P000314', 'P000317', 'P000353', 'P000394', 'P007111', 'P007136', 'P007982']"
E000245,"['P000046', 'P000115', 'P000163', 'P000181', 'P000279', 'P000290', 'P000292', 'P000314', 'P000317', 'P000353', 'P000394', 'P007111', 'P007197', 'P007982']"
E000246,"['P000046', 'P000115', 'P000163', 'P000181', 'P000279', 'P000290', 'P000292', 'P000317', 'P000391', 'P000394', 'P007111', 'P007214', 'P007982']"
E000247,"['P000046', 'P000115', 'P000163', 'P000181', 'P000279', 'P000290', 'P000292', 'P000317', 'P000391', 'P000394', 'P007111', 'P007159', 'P007982']"
E000248,"['P000046', 'P000115', 'P000163', 'P000181', 'P000279', 'P000290', 'P000292', 'P000317', 'P000391', 'P000394', 'P007111', 'P007195', 'P007982']"
E000249,"['P000046', 'P000115', 'P000163', 'P000181', 'P000279', 'P000290', 'P000292', 'P000317', 'P000391', 'P000394', 'P007111', 'P007118', 'P007982']"
E000250,"['P000046', 'P000115', 'P000163', 'P000181', 'P000279', 'P000290', 'P000292', 'P000317', 'P000391', 'P000394', 'P007111', 'P007217', 'P007982']"
E000251,"['P000046', 'P000163', 'P000181', 'P000279', 'P000290', 'P000292', 'P000317', 'P000394', 'P000398', 'P007111', 'P007304', 'P007982']"
E000252,"['P000046', 'P000163', 'P000181', 'P000279', 'P000290', 'P000292', 'P000317', 'P000394', 'P005820', 'P007111', 'P007698', 'P007982', 'P007988']"
E000253,"['P000046', 'P000163', 'P000181', 'P000206', 'P000260', 'P000279', 'P000290', 'P000292', 'P000317', 'P000394', 'P007111', 'P007289', 'P007982']"
E000254,"['P000046', 'P000163', 'P000181', 'P000206', 'P000260', 'P000279', 'P000290', 'P000292', 'P000317', 'P000394', 'P007111', 'P007281', 'P007982']"
E000255,"['P000046', 'P000163', 'P000181', 'P000206', 'P000240', 'P000279', 'P000290', 'P000292', 'P000317', 'P000394', 'P007111', 'P007386', 'P007982']"
E000256,"['P000046', 'P000163', 'P000181', 'P000206', 'P000240', 'P000279', 'P000290', 'P000292', 'P000317', 'P000394', 'P007111', 'P007312', 'P007982']"
E000257,"['P000181', 'P000265', 'P000381', 'P000394', 'P000395', 'P000719', 'P000732', 'P005100', 'P005193', 'P007111', 'P007648', 'P007982', 'P007992', 'P008001']"
E000258,"['P000181', 'P000265', 'P000275', 'P000381', 'P000394', 'P000395', 'P000719', 'P000732', 'P005100', 'P007111', 'P007415', 'P007982', 'P008001']"
E000259,"['P000181', 'P000265', 'P000275', 'P000381', 'P000394', 'P000395', 'P000719', 'P000732', 'P005100', 'P007111', 'P007206', 'P007982', 'P008001']"
E000260,"['P000181', 'P000265', 'P000381', 'P000394', 'P000395', 'P000494', 'P000719', 'P000732', 'P000740', 'P005100', 'P007111', 'P007702', 'P007982', 'P008001', 'P008003', 'P008004', 'P008010', 'P008012', 'P008013']"
E000261,"['P000046', 'P000064', 'P000084', 'P000134', 'P000142', 'P000163', 'P000181', 'P000233', 'P000252', 'P000279', 'P000290', 'P000292', 'P000296', 'P000317', 'P000372', 'P000380', 'P000394', 'P007111', 'P007302', 'P007982']"
E000262,"['P000046', 'P000064', 'P000084', 'P000134', 'P000142', 'P000163', 'P000181', 'P000233', 'P000252', 'P000279', 'P000290', 'P000292', 'P000296', 'P000317', 'P000372', 'P000380', 'P000394', 'P007111', 'P007149', 'P007982']"
E000263,"['P000046', 'P000064', 'P000084', 'P000134', 'P000142', 'P000163', 'P000181', 'P000233', 'P000252', 'P000279', 'P000290', 'P000292', 'P000296', 'P000317', 'P000372', 'P000380', 'P000394', 'P007111', 'P007363', 'P007982']"
E000264,"['P000046', 'P000084', 'P000134', 'P000142', 'P000163', 'P000181', 'P000233', 'P000252', 'P000279', 'P000290', 'P000292', 'P000296', 'P000317', 'P000335', 'P000372', 'P000380', 'P000394', 'P007111', 'P007209', 'P007982']"
E000265,"['P000046', 'P000084', 'P000134', 'P000142', 'P000163', 'P000181', 'P000233', 'P000252', 'P000279', 'P000290', 'P000292', 'P000296', 'P000317', 'P000335', 'P000372', 'P000380', 'P000394', 'P007111', 'P007185', 'P007982']"
E000266,"['P000046', 'P000084', 'P000134', 'P000153', 'P000163', 'P000181', 'P000253', 'P000266', 'P000279', 'P000290', 'P000292', 'P000296', 'P000317', 'P000372', 'P000394', 'P006709', 'P007111', 'P007692', 'P007982', 'P008025']"
E000267,"['P000046', 'P000084', 'P000134', 'P000141', 'P000153', 'P000163', 'P000181', 'P000253', 'P000279', 'P000290', 'P000292', 'P000296', 'P000317', 'P000372', 'P000394', 'P003569', 'P006457', 'P007111', 'P007777', 'P007982']"
E000268,"['P000046', 'P000084', 'P000134', 'P000141', 'P000153', 'P000163', 'P000181', 'P000253', 'P000279', 'P000290', 'P000292', 'P000296', 'P000317', 'P000372', 'P000394', 'P003569', 'P006457', 'P007111', 'P007696', 'P007982']"
E000269,"['P000046', 'P000115', 'P000163', 'P000181', 'P000216', 'P000279', 'P000290', 'P000292', 'P000311', 'P000314', 'P000317', 'P000353', 'P000394', 'P007111', 'P007342', 'P007982']"
E000270,"['P000046', 'P000115', 'P000163', 'P000181', 'P000216', 'P000279', 'P000290', 'P000292', 'P000311', 'P000314', 'P000317', 'P000353', 'P000394', 'P007111', 'P007114', 'P007982']"
E000271,"['P000046', 'P000115', 'P000163', 'P000181', 'P000216', 'P000279', 'P000290', 'P000292', 'P000311', 'P000314', 'P000317', 'P000353', 'P000394', 'P007111', 'P007411', 'P007982']"
E000272,"['P000046', 'P000115', 'P000163', 'P000181', 'P000216', 'P000264', 'P000279', 'P000290', 'P000292', 'P000314', 'P000317', 'P000353', 'P000394', 'P007111', 'P007174', 'P007982']"
E000273,"['P000046', 'P000115', 'P000163', 'P000181', 'P000216', 'P000264', 'P000279', 'P000290', 'P000292', 'P000314', 'P000317', 'P000353', 'P000394', 'P007111', 'P007228', 'P007982']"
E000274,"['P000046', 'P000163', 'P000181', 'P000279', 'P000290', 'P000292', 'P000317', 'P000394', 'P000398', 'P005781', 'P007111', 'P007539', 'P007982']"
E000275,"['P000181', 'P000265', 'P000381', 'P000394', 'P000395', 'P000476', 'P000494', 'P000717', 'P000719', 'P000732', 'P005100', 'P007111', 'P007618', 'P007982', 'P008001', 'P008003', 'P008004', 'P008010', 'P008012', 'P008013']"
E000276,"['P000046', 'P000064', 'P000068', 'P000084', 'P000134', 'P000142', 'P000163', 'P000181', 'P000233', 'P000252', 'P000279', 'P000290', 'P000292', 'P000296', 'P000317', 'P000372', 'P000380', 'P000394', 'P007111', 'P007818', 'P007982']"
E000277,"['P000046', 'P000064', 'P000068', 'P000084', 'P000134', 'P000142', 'P000163', 'P000181', 'P000233', 'P000252', 'P000279', 'P000290', 'P000292', 'P000296', 'P000317', 'P000372', 'P000380', 'P000394', 'P007111', 'P007377', 'P007982']"
E000278,"['P000046', 'P000064', 'P000068', 'P000084', 'P000134', 'P000142', 'P000163', 'P000181', 'P000233', 'P000252', 'P000279', 'P000290', 'P000292', 'P000296', 'P000317', 'P000372', 'P000380', 'P000394', 'P007111', 'P007406', 'P007982']"
E000279,"['P000046', 'P000064', 'P000068', 'P000084', 'P000134', 'P000142', 'P000163', 'P000181', 'P000233', 'P000252', 'P000279', 'P000290', 'P000292', 'P000296', 'P000317', 'P000372', 'P000380', 'P000394', 'P007111', 'P007329', 'P007982']"
E000280,"['P000046', 'P000064', 'P000084', 'P000134', 'P000142', 'P000163', 'P000181', 'P000233', 'P000252', 'P000279', 'P000290', 'P000292', 'P000296', 'P000317', 'P000333', 'P000372', 'P000380', 'P000394', 'P007111', 'P007379', 'P007982']"
E000281,"['P000046', 'P000084', 'P000134', 'P000142', 'P000163', 'P000181', 'P000211', 'P000233', 'P000252', 'P000279', 'P000290', 'P000292', 'P000296', 'P000317', 'P000335', 'P000372', 'P000380', 'P000394', 'P007111', 'P007326', 'P007982']"
E000282,"['P000046', 'P000084', 'P000134', 'P000142', 'P000163', 'P000181', 'P000211', 'P000233', 'P000252', 'P000279', 'P000290', 'P000292', 'P000296', 'P000317', 'P000335', 'P000372', 'P000380', 'P000394', 'P007111', 'P007398', 'P007982']"
E000283,"['P000046', 'P000084', 'P000134', 'P000142', 'P000163', 'P000181', 'P000211', 'P000233', 'P000252', 'P000279', 'P000290', 'P000292', 'P000296', 'P000317', 'P000335', 'P000372', 'P000380', 'P000394', 'P007111', 'P007130', 'P007982']"
E000284,"['P000046', 'P000084', 'P000121', 'P000134', 'P000142', 'P000163', 'P000181', 'P000233', 'P000252', 'P000279', 'P000290', 'P000292', 'P000296', 'P000317', 'P000335', 'P000372', 'P000380', 'P000394', 'P007111', 'P007317', 'P007982']"
E000285,"['P000046', 'P000084', 'P000121', 'P000134', 'P000142', 'P000163', 'P000181', 'P000233', 'P000252', 'P000279', 'P000290', 'P000292', 'P000296', 'P000317', 'P000335', 'P000372', 'P000380', 'P000394', 'P007111', 'P007188', 'P007982']"
E000286,"['P000046', 'P000084', 'P000121', 'P000134', 'P000142', 'P000163', 'P000181', 'P000233', 'P000252', 'P000279', 'P000290', 'P000292', 'P000296', 'P000317', 'P000335', 'P000372', 'P000380', 'P000394', 'P007111', 'P007309', 'P007982']"
E000287,"['P000046', 'P000084', 'P000121', 'P000134', 'P000142', 'P000163', 'P000181', 'P000233', 'P000252', 'P000279', 'P000290', 'P000292', 'P000296', 'P000317', 'P000335', 'P000372', 'P000380', 'P000394', 'P007111', 'P007191', 'P007982']"
E000288,"['P000046', 'P000084', 'P000134', 'P000142', 'P000163', 'P000181', 'P000233', 'P000252', 'P000279', 'P000290', 'P000292', 'P000296', 'P000317', 'P000372', 'P000380', 'P000394', 'P007111', 'P007414', 'P007982']"
E000289,"['P000046', 'P000084', 'P000134', 'P000142', 'P000163', 'P000181', 'P000233', 'P000252', 'P000279', 'P000290', 'P000292', 'P000296', 'P000317', 'P000372', 'P000380', 'P000394', 'P007111', 'P007293', 'P007982']"
E000290,"['P000046', 'P000084', 'P000134', 'P000142', 'P000163', 'P000181', 'P000233', 'P000252', 'P000279', 'P000290', 'P000292', 'P000296', 'P000317', 'P000372', 'P000380', 'P000394', 'P007111', 'P007170', 'P007982']"
E000291,"['P000046', 'P000084', 'P000134', 'P000142', 'P000163', 'P000181', 'P000233', 'P000279', 'P000290', 'P000292', 'P000296', 'P000317', 'P000339', 'P000355', 'P000372', 'P000380', 'P000394', 'P000396', 'P007111', 'P007218', 'P007982']"
E000292,"['P000046', 'P000084', 'P000134', 'P000142', 'P000163', 'P000181', 'P000233', 'P000279', 'P000290', 'P000292', 'P000296', 'P000317', 'P000339', 'P000355', 'P000372', 'P000380', 'P000394', 'P000396', 'P007111', 'P007375', 'P007982']"
E000293,"['P000046', 'P000084', 'P000134', 'P000153', 'P000163', 'P000181', 'P000253', 'P000266', 'P000279', 'P000290', 'P000292', 'P000296', 'P000317', 'P000372', 'P000394', 'P003849', 'P006709', 'P007111', 'P007713', 'P007982', 'P008025']"
E000294,"['P000046', 'P000084', 'P000118', 'P000134', 'P000142', 'P000153', 'P000163', 'P000181', 'P000253', 'P000279', 'P000290', 'P000292', 'P000296', 'P000317', 'P000372', 'P000394', 'P007111', 'P007399', 'P007982']"
E000295,"['P000046', 'P000084', 'P000118', 'P000134', 'P000142', 'P000153', 'P000163', 'P000181', 'P000253', 'P000279', 'P000290', 'P000292', 'P000296', 'P000317', 'P000372', 'P000394', 'P007111', 'P007296', 'P007982']"
E000296,"['P000046', 'P000115', 'P000163', 'P000181', 'P000216', 'P000235', 'P000279', 'P000290', 'P000292', 'P000311', 'P000314', 'P000317', 'P000353', 'P000394', 'P007111', 'P007253', 'P007982']"
E000297,"['P000046', 'P000115', 'P000163', 'P000181', 'P000216', 'P000273', 'P000279', 'P000290', 'P000292', 'P000311', 'P000314', 'P000317', 'P000353', 'P000394', 'P007111', 'P007165', 'P007982']"
E000298,"['P000046', 'P000115', 'P000163', 'P000181', 'P000216', 'P000273', 'P000279', 'P000290', 'P000292', 'P000311', 'P000314', 'P000317', 'P000353', 'P000394', 'P007111', 'P007258', 'P007982']"
E000299,"['P000046', 'P000115', 'P000163', 'P000181', 'P000216', 'P000279', 'P000290', 'P000292', 'P000311', 'P000314', 'P000317', 'P000353', 'P000394', 'P007111', 'P007284', 'P007982', 'P007989']"
E000300,"['P000046', 'P000115', 'P000163', 'P000181', 'P000216', 'P000279', 'P000290', 'P000292', 'P000311', 'P000314', 'P000317', 'P000353', 'P000394', 'P007111', 'P007276', 'P007982', 'P007989']"
E000301,"['P000046', 'P000115', 'P000163', 'P000181', 'P000279', 'P000290', 'P000292', 'P000317', 'P000394', 'P003202', 'P005726', 'P007111', 'P007597', 'P007982', 'P007994']"
E000302,"['P000181', 'P000265', 'P000381', 'P000394', 'P000395', 'P000719', 'P000730', 'P000732', 'P005100', 'P007111', 'P007631', 'P007982', 'P008001']"
E000303,"['P000181', 'P000265', 'P000381', 'P000394', 'P000395', 'P000476', 'P000494', 'P000719', 'P000732', 'P005100', 'P007111', 'P007567', 'P007982', 'P008001', 'P008003', 'P008004', 'P008010', 'P008012', 'P008013', 'P008016', 'P008020']"
E000304,"['P000046', 'P000084', 'P000134', 'P000142', 'P000163', 'P000181', 'P000211', 'P000226', 'P000233', 'P000252', 'P000279', 'P000290', 'P000292', 'P000296', 'P000317', 'P000335', 'P000372', 'P000380', 'P000394', 'P007111', 'P007361', 'P007982']"
E000305,"['P000046', 'P000084', 'P000134', 'P000142', 'P000163', 'P000181', 'P000233', 'P000252', 'P000279', 'P000282', 'P000290', 'P000292', 'P000296', 'P000317', 'P000372', 'P000380', 'P000394', 'P007111', 'P007346', 'P007982']"
E000306,"['P000046', 'P000084', 'P000134', 'P000142', 'P000163', 'P000181', 'P000233', 'P000279', 'P000290', 'P000292', 'P000296', 'P000317', 'P000328', 'P000339', 'P000355', 'P000372', 'P000380', 'P000394', 'P000396', 'P007111', 'P007250', 'P007982']"
E000307,"['P000046', 'P000084', 'P000134', 'P000142', 'P000163', 'P000181', 'P000233', 'P000279', 'P000290', 'P000292', 'P000296', 'P000317', 'P000328', 'P000339', 'P000355', 'P000372', 'P000380', 'P000394', 'P000396', 'P007111', 'P007412', 'P007982']"
E000308,"['P000046', 'P000084', 'P000134', 'P000142', 'P000163', 'P000181', 'P000233', 'P000279', 'P000290', 'P000292', 'P000296', 'P000317', 'P000328', 'P000339', 'P000355', 'P000372', 'P000380', 'P000394', 'P000396', 'P007111', 'P007262', 'P007982']"
E000309,"['P000046', 'P000084', 'P000134', 'P000142', 'P000163', 'P000181', 'P000233', 'P000279', 'P000290', 'P000292', 'P000296', 'P000317', 'P000328', 'P000339', 'P000355', 'P000372', 'P000380', 'P000394', 'P000396', 'P007111', 'P007373', 'P007982']"
E000310,"['P000046', 'P000084', 'P000134', 'P000142', 'P000163', 'P000181', 'P000233', 'P000279', 'P000290', 'P000292', 'P000296', 'P000317', 'P000328', 'P000339', 'P000355', 'P000372', 'P000380', 'P000394', 'P000396', 'P007111', 'P007224', 'P007982']"
E000311,"['P000046', 'P000084', 'P000134', 'P000142', 'P000163', 'P000181', 'P000233', 'P000279', 'P000290', 'P000292', 'P000296', 'P000317', 'P000339', 'P000355', 'P000372', 'P000380', 'P000394', 'P000396', 'P007111', 'P007198', 'P007982']"
E000312,"['P000046', 'P000055', 'P000115', 'P000163', 'P000181', 'P000216', 'P000279', 'P000286', 'P000290', 'P000292', 'P000311', 'P000314', 'P000317', 'P000353', 'P000394', 'P007111', 'P007153', 'P007982']"
E000313,"['P000046', 'P000055', 'P000115', 'P000163', 'P000181', 'P000185', 'P000216', 'P000279', 'P000290', 'P000292', 'P000311', 'P000314', 'P000317', 'P000353', 'P000394', 'P007111', 'P007207', 'P007982']"
E000314,"['P000046', 'P000055', 'P000115', 'P000163', 'P000181', 'P000185', 'P000216', 'P000279', 'P000290', 'P000292', 'P000311', 'P000314', 'P000317', 'P000353', 'P000394', 'P007111', 'P007129', 'P007982']"
E000315,"['P000046', 'P000115', 'P000163', 'P000181', 'P000279', 'P000290', 'P000292', 'P000317', 'P000394', 'P003330', 'P005726', 'P007111', 'P007770', 'P007982', 'P007994', 'P007995']"
E000316,"['P000046', 'P000115', 'P000163', 'P000181', 'P000279', 'P000290', 'P000292', 'P000317', 'P000394', 'P005726', 'P007111', 'P007662', 'P007982', 'P007994', 'P007995', 'P007996']"
E000317,"['P000181', 'P000265', 'P000381', 'P000394', 'P000395', 'P000470', 'P000476', 'P000494', 'P000635', 'P000719', 'P000732', 'P005100', 'P007111', 'P007584', 'P007982', 'P008001', 'P008003', 'P008004', 'P008010', 'P008012', 'P008013', 'P008016']"
E000318,"['P000046', 'P000084', 'P000134', 'P000142', 'P000163', 'P000181', 'P000211', 'P000226', 'P000233', 'P000252', 'P000262', 'P000279', 'P000290', 'P000292', 'P000296', 'P000317', 'P000335', 'P000372', 'P000380', 'P000394', 'P007111', 'P007238', 'P007982']"
E000319,"['P000046', 'P000084', 'P000134', 'P000142', 'P000163', 'P000181', 'P000211', 'P000226', 'P000233', 'P000252', 'P000279', 'P000290', 'P000292', 'P000296', 'P000317', 'P000335', 'P000372', 'P000376', 'P000380', 'P000394', 'P007111', 'P007385', 'P007982']"
E000320,"['P000046', 'P000084', 'P000134', 'P000142', 'P000163', 'P000181', 'P000211', 'P000226', 'P000233', 'P000252', 'P000279', 'P000290', 'P000292', 'P000296', 'P000317', 'P000335', 'P000372', 'P000376', 'P000380', 'P000394', 'P007111', 'P007131', 'P007982']"
E000321,"['P000046', 'P000066', 'P000084', 'P000134', 'P000142', 'P000163', 'P000181', 'P000211', 'P000226', 'P000233', 'P000252', 'P000279', 'P000290', 'P000292', 'P000296', 'P000317', 'P000335', 'P000372', 'P000380', 'P000394', 'P007111', 'P007205', 'P007982']"
E000322,"['P000046', 'P000084', 'P000134', 'P000142', 'P000163', 'P000181', 'P000233', 'P000252', 'P000279', 'P000290', 'P000292', 'P000296', 'P000317', 'P000372', 'P000380', 'P000394', 'P003802', 'P006712', 'P007111', 'P007602', 'P007982']"
E000323,"['P000046', 'P000084', 'P000134', 'P000142', 'P000163', 'P000181', 'P000214', 'P000233', 'P000270', 'P000279', 'P000290', 'P000292', 'P000296', 'P000317', 'P000339', 'P000355', 'P000372', 'P000380', 'P000394', 'P000396', 'P007111', 'P007178', 'P007982']"
E000324,"['P000046', 'P000084', 'P000134', 'P000142', 'P000163', 'P000181', 'P000233', 'P000279', 'P000290', 'P000292', 'P000296', 'P000317', 'P000339', 'P000355', 'P000372', 'P000380', 'P000394', 'P000396', 'P007111', 'P007332', 'P007982']"
E000325,"['P000046', 'P000084', 'P000134', 'P000153', 'P000163', 'P000181', 'P000253', 'P000266', 'P000279', 'P000290', 'P000292', 'P000296', 'P000317', 'P000372', 'P000394', 'P003849', 'P003934', 'P006709', 'P007111', 'P007552', 'P007982', 'P008025', 'P008029']"
E000326,"['P000046', 'P000084', 'P000134', 'P000153', 'P000163', 'P000181', 'P000253', 'P000266', 'P000279', 'P000290', 'P000292', 'P000296', 'P000317', 'P000372', 'P000394', 'P003849', 'P006709', 'P007111', 'P007715', 'P007982', 'P008025', 'P008029', 'P008030']"
E000327,"['P000181', 'P000265', 'P000381', 'P000394', 'P000395', 'P000470', 'P000476', 'P000494', 'P000633', 'P000719', 'P000732', 'P005100', 'P007111', 'P007677', 'P007982', 'P008001', 'P008003', 'P008004', 'P008010', 'P008012', 'P008013', 'P008016', 'P008019']"
E000328,"['P000023', 'P000046', 'P000084', 'P000134', 'P000142', 'P000163', 'P000181', 'P000211', 'P000226', 'P000233', 'P000252', 'P000279', 'P000290', 'P000292', 'P000296', 'P000310', 'P000317', 'P000335', 'P000372', 'P000380', 'P000394', 'P007111', 'P007147', 'P007982']"
E000329,"['P000023', 'P000046', 'P000084', 'P000134', 'P000142', 'P000163', 'P000181', 'P000211', 'P000226', 'P000233', 'P000252', 'P000279', 'P000290', 'P000292', 'P000296', 'P000310', 'P000317', 'P000335', 'P000372', 'P000380', 'P000394', 'P007111', 'P007405', 'P007982']"
E000330,"['P000023', 'P000046', 'P000084', 'P000134', 'P000142', 'P000163', 'P000181', 'P000211', 'P000226', 'P000233', 'P000252', 'P000279', 'P000290', 'P000292', 'P000296', 'P000310', 'P000317', 'P000335', 'P000372', 'P000380', 'P000394', 'P007111', 'P007306', 'P007982']"
E000331,"['P000023', 'P000046', 'P000084', 'P000134', 'P000136', 'P000142', 'P000163', 'P000181', 'P000211', 'P000226', 'P000233', 'P000252', 'P000279', 'P000290', 'P000292', 'P000296', 'P000317', 'P000335', 'P000372', 'P000380', 'P000394', 'P007111', 'P007272', 'P007982']"
E000332,"['P000023', 'P000046', 'P000084', 'P000134', 'P000136', 'P000142', 'P000163', 'P000181', 'P000211', 'P000226', 'P000233', 'P000252', 'P000279', 'P000290', 'P000292', 'P000296', 'P000317', 'P000335', 'P000372', 'P000380', 'P000394', 'P007111', 'P007242', 'P007982']"
E000333,"['P000023', 'P000046', 'P000084', 'P000134', 'P000136', 'P000142', 'P000163', 'P000181', 'P000211', 'P000226', 'P000233', 'P000252', 'P000279', 'P000290', 'P000292', 'P000296', 'P000317', 'P000335', 'P000372', 'P000380', 'P000394', 'P007111', 'P007167', 'P007982']"
E000334,"['P000023', 'P000046', 'P000084', 'P000134', 'P000136', 'P000142', 'P000163', 'P000181', 'P000211', 'P000226', 'P000233', 'P000252', 'P000279', 'P000290', 'P000292', 'P000296', 'P000317', 'P000335', 'P000372', 'P000380', 'P000394', 'P007111', 'P007274', 'P007982']"
E000335,"['P000046', 'P000066', 'P000084', 'P000134', 'P000142', 'P000163', 'P000181', 'P000211', 'P000226', 'P000233', 'P000252', 'P000279', 'P000290', 'P000292', 'P000296', 'P000317', 'P000335', 'P000369', 'P000372', 'P000380', 'P000394', 'P007111', 'P007213', 'P007982']"
E000336,"['P000046', 'P000066', 'P000084', 'P000134', 'P000142', 'P000163', 'P000181', 'P000211', 'P000226', 'P000233', 'P000252', 'P000279', 'P000290', 'P000292', 'P000296', 'P000317', 'P000335', 'P000369', 'P000372', 'P000380', 'P000394', 'P007111', 'P007294', 'P007982']"
E000337,"['P000046', 'P000066', 'P000084', 'P000134', 'P000142', 'P000163', 'P000181', 'P000211', 'P000226', 'P000233', 'P000252', 'P000279', 'P000290', 'P000292', 'P000296', 'P000317', 'P000335', 'P000369', 'P000372', 'P000380', 'P000394', 'P007111', 'P007162', 'P007982']"
E000338,"['P000046', 'P000066', 'P000084', 'P000134', 'P000142', 'P000163', 'P000181', 'P000211', 'P000226', 'P000233', 'P000252', 'P000279', 'P000290', 'P000292', 'P000296', 'P000317', 'P000335', 'P000369', 'P000372', 'P000380', 'P000394', 'P007111', 'P007389', 'P007982']"
E000339,"['P000046', 'P000066', 'P000084', 'P000134', 'P000142', 'P000163', 'P000181', 'P000211', 'P000226', 'P000233', 'P000252', 'P000279', 'P000290', 'P000292', 'P000296', 'P000317', 'P000335', 'P000369', 'P000372', 'P000380', 'P000394', 'P007111', 'P007318', 'P007982']"
E000340,"['P000046', 'P000066', 'P000084', 'P000134', 'P000142', 'P000163', 'P000181', 'P000211', 'P000226', 'P000233', 'P000252', 'P000279', 'P000290', 'P000292', 'P000296', 'P000317', 'P000335', 'P000369', 'P000372', 'P000380', 'P000394', 'P007111', 'P007345', 'P007982']"
E000341,"['P000046', 'P000066', 'P000084', 'P000134', 'P000142', 'P000163', 'P000181', 'P000211', 'P000226', 'P000233', 'P000252', 'P000279', 'P000290', 'P000292', 'P000296', 'P000317', 'P000335', 'P000372', 'P000380', 'P000393', 'P000394', 'P007111', 'P007282', 'P007982']"
E000342,"['P000046', 'P000066', 'P000084', 'P000134', 'P000142', 'P000163', 'P000181', 'P000211', 'P000226', 'P000233', 'P000252', 'P000279', 'P000290', 'P000292', 'P000296', 'P000317', 'P000335', 'P000371', 'P000372', 'P000380', 'P000394', 'P007111', 'P007223', 'P007982']"
E000343,"['P000046', 'P000066', 'P000084', 'P000134', 'P000142', 'P000163', 'P000181', 'P000211', 'P000226', 'P000233', 'P000252', 'P000279', 'P000290', 'P000292', 'P000296', 'P000317', 'P000335', 'P000371', 'P000372', 'P000380', 'P000394', 'P007111', 'P007247', 'P007982']"
E000344,"['P000046', 'P000066', 'P000084', 'P000134', 'P000142', 'P000163', 'P000181', 'P000211', 'P000226', 'P000233', 'P000252', 'P000279', 'P000290', 'P000292', 'P000296', 'P000317', 'P000335', 'P000371', 'P000372', 'P000380', 'P000394', 'P007111', 'P007137', 'P007982']"
E000345,"['P000046', 'P000066', 'P000084', 'P000134', 'P000142', 'P000163', 'P000181', 'P000211', 'P000226', 'P000233', 'P000252', 'P000279', 'P000284', 'P000290', 'P000292', 'P000296', 'P000317', 'P000335', 'P000372', 'P000380', 'P000394', 'P007111', 'P007316', 'P007982']"
E000346,"['P000046', 'P000084', 'P000134', 'P000142', 'P000163', 'P000181', 'P000233', 'P000252', 'P000279', 'P000290', 'P000292', 'P000296', 'P000317', 'P000372', 'P000380', 'P000394', 'P003802', 'P003870', 'P006712', 'P007111', 'P007699', 'P007982']"
E000347,"['P000046', 'P000073', 'P000084', 'P000134', 'P000142', 'P000163', 'P000181', 'P000214', 'P000233', 'P000279', 'P000290', 'P000291', 'P000292', 'P000296', 'P000317', 'P000339', 'P000355', 'P000372', 'P000380', 'P000394', 'P000396', 'P007111', 'P007134', 'P007982']"
E000348,"['P000046', 'P000071', 'P000084', 'P000134', 'P000142', 'P000163', 'P000181', 'P000214', 'P000233', 'P000279', 'P000290', 'P000291', 'P000292', 'P000296', 'P000317', 'P000339', 'P000355', 'P000372', 'P000380', 'P000394', 'P000396', 'P007111', 'P007161', 'P007982']"
E000349,"['P000046', 'P000084', 'P000134', 'P000142', 'P000163', 'P000181', 'P000233', 'P000279', 'P000290', 'P000292', 'P000296', 'P000317', 'P000339', 'P000355', 'P000372', 'P000380', 'P000388', 'P000394', 'P000396', 'P007111', 'P007241', 'P007982']"
E000350,"['P000046', 'P000084', 'P000134', 'P000142', 'P000163', 'P000181', 'P000233', 'P000279', 'P000290', 'P000292', 'P000296', 'P000317', 'P000339', 'P000355', 'P000372', 'P000380', 'P000388', 'P000394', 'P000396', 'P007111', 'P007237', 'P007982']"
E000351,"['P000046', 'P000084', 'P000134', 'P000142', 'P000163', 'P000181', 'P000233', 'P000279', 'P000290', 'P000292', 'P000296', 'P000317', 'P000339', 'P000355', 'P000372', 'P000380', 'P000388', 'P000394', 'P000396', 'P007111', 'P007163', 'P007982']"
E000352,"['P000046', 'P000084', 'P000134', 'P000142', 'P000163', 'P000181', 'P000233', 'P000279', 'P000290', 'P000292', 'P000296', 'P000317', 'P000339', 'P000355', 'P000367', 'P000372', 'P000380', 'P000394', 'P000396', 'P007111', 'P007355', 'P007982']"
E000353,"['P000046', 'P000084', 'P000134', 'P000142', 'P000163', 'P000181', 'P000233', 'P000279', 'P000290', 'P000292', 'P000296', 'P000317', 'P000339', 'P000355', 'P000367', 'P000372', 'P000380', 'P000394', 'P000396', 'P007111', 'P007335', 'P007982']"
E000354,"['P000046', 'P000084', 'P000134', 'P000142', 'P000163', 'P000181', 'P000233', 'P000279', 'P000290', 'P000292', 'P000296', 'P000317', 'P000339', 'P000355', 'P000367', 'P000372', 'P000380', 'P000394', 'P000396', 'P007111', 'P007307', 'P007982']"
E000355,"['P000046', 'P000084', 'P000134', 'P000142', 'P000163', 'P000181', 'P000233', 'P000279', 'P000290', 'P000292', 'P000296', 'P000317', 'P000339', 'P000355', 'P000367', 'P000372', 'P000380', 'P000394', 'P000396', 'P007111', 'P007192', 'P007982']"
E000356,"['P000046', 'P000084', 'P000134', 'P000142', 'P000163', 'P000181', 'P000233', 'P000279', 'P000290', 'P000292', 'P000296', 'P000317', 'P000339', 'P000355', 'P000372', 'P000380', 'P000394', 'P000396', 'P007111', 'P007254', 'P007982']"
E000357,"['P000046', 'P000084', 'P000134', 'P000142', 'P000163', 'P000181', 'P000233', 'P000279', 'P000290', 'P000292', 'P000296', 'P000317', 'P000339', 'P000355', 'P000372', 'P000380', 'P000394', 'P000396', 'P007111', 'P007138', 'P007982']"
E000358,"['P000181', 'P000265', 'P000381', 'P000394', 'P000395', 'P000464', 'P000470', 'P000476', 'P000494', 'P000629', 'P000719', 'P000732', 'P005100', 'P007111', 'P007544', 'P007982', 'P008001', 'P008003', 'P008004', 'P008010', 'P008012', 'P008013', 'P008016', 'P008019']"
E000359,"['P000046', 'P000084', 'P000134', 'P000142', 'P000163', 'P000181', 'P000233', 'P000252', 'P000279', 'P000290', 'P000292', 'P000296', 'P000317', 'P000372', 'P000380', 'P000394', 'P003802', 'P003870', 'P003881', 'P006712', 'P007111', 'P007637', 'P007982']"
E000360,"['P000046', 'P000084', 'P000134', 'P000142', 'P000163', 'P000181', 'P000233', 'P000279', 'P000290', 'P000292', 'P000296', 'P000317', 'P000328', 'P000339', 'P000355', 'P000372', 'P000380', 'P000394', 'P000396', 'P004282', 'P006950', 'P007111', 'P007528', 'P007982', 'P008033']"
E000361,"['P000046', 'P000084', 'P000134', 'P000142', 'P000163', 'P000181', 'P000233', 'P000279', 'P000290', 'P000292', 'P000296', 'P000317', 'P000328', 'P000339', 'P000355', 'P000372', 'P000380', 'P000394', 'P000396', 'P004271', 'P006950', 'P007111', 'P007529', 'P007982', 'P008033']"
E000362,"['P000046', 'P000084', 'P000134', 'P000142', 'P000163', 'P000181', 'P000233', 'P000252', 'P000279', 'P000290', 'P000292', 'P000296', 'P000317', 'P000339', 'P000355', 'P000372', 'P000380', 'P000394', 'P000396', 'P007111', 'P007270', 'P007982']"
E000363,"['P000181', 'P000265', 'P000381', 'P000394', 'P000395', 'P000462', 'P000464', 'P000470', 'P000476', 'P000494', 'P000627', 'P000719', 'P000732', 'P005100', 'P007111', 'P007645', 'P007982', 'P008001', 'P008003', 'P008004', 'P008010', 'P008012', 'P008013', 'P008016', 'P008019']"
E000364,"['P000023', 'P000046', 'P000084', 'P000134', 'P000136', 'P000142', 'P000163', 'P000181', 'P000211', 'P000226', 'P000233', 'P000252', 'P000279', 'P000290', 'P000292', 'P000296', 'P000317', 'P000335', 'P000372', 'P000380', 'P000394', 'P004862', 'P007111', 'P007518', 'P007982', 'P008031']"
E000365,"['P000023', 'P000046', 'P000084', 'P000134', 'P000136', 'P000142', 'P000163', 'P000181', 'P000211', 'P000226', 'P000233', 'P000252', 'P000279', 'P000290', 'P000292', 'P000296', 'P000317', 'P000335', 'P000372', 'P000380', 'P000394', 'P004862', 'P007111', 'P007780', 'P007982', 'P008031']"
E000366,"['P000046', 'P000084', 'P000134', 'P000142', 'P000163', 'P000181', 'P000233', 'P000252', 'P000279', 'P000290', 'P000292', 'P000296', 'P000317', 'P000372', 'P000380', 'P000394', 'P003802', 'P003870', 'P003881', 'P003903', 'P006712', 'P007111', 'P007478', 'P007982']"
E000367,"['P000046', 'P000084', 'P000134', 'P000142', 'P000163', 'P000181', 'P000233', 'P000279', 'P000290', 'P000292', 'P000296', 'P000317', 'P000328', 'P000339', 'P000355', 'P000372', 'P000380', 'P000394', 'P000396', 'P004282', 'P004284', 'P006950', 'P007111', 'P007564', 'P007982', 'P008033']"
E000368,"['P000046', 'P000084', 'P000134', 'P000142', 'P000163', 'P000181', 'P000233', 'P000279', 'P000290', 'P000292', 'P000296', 'P000317', 'P000328', 'P000339', 'P000355', 'P000372', 'P000380', 'P000394', 'P000396', 'P004282', 'P004284', 'P006950', 'P007111', 'P007609', 'P007982', 'P008033']"
E000369,"['P000046', 'P000084', 'P000134', 'P000142', 'P000163', 'P000181', 'P000233', 'P000279', 'P000290', 'P000292', 'P000296', 'P000317', 'P000328', 'P000339', 'P000355', 'P000372', 'P000380', 'P000394', 'P000396', 'P004269', 'P004271', 'P006950', 'P007111', 'P007507', 'P007982', 'P008033']"
E000370,"['P000181', 'P000265', 'P000381', 'P000394', 'P000395', 'P000462', 'P000464', 'P000470', 'P000476', 'P000494', 'P000621', 'P000719', 'P000732', 'P005100', 'P007111', 'P007533', 'P007982', 'P008001', 'P008003', 'P008004', 'P008010', 'P008012', 'P008013', 'P008016', 'P008017', 'P008019']"
E000371,"['P000181', 'P000265', 'P000381', 'P000394', 'P000395', 'P000462', 'P000464', 'P000470', 'P000476', 'P000494', 'P000719', 'P000732', 'P005100', 'P007111', 'P007616', 'P007982', 'P008001', 'P008003', 'P008004', 'P008010', 'P008012', 'P008013', 'P008016', 'P008017', 'P008018', 'P008019']"
E000372,"['P000046', 'P000084', 'P000134', 'P000142', 'P000163', 'P000181', 'P000233', 'P000279', 'P000290', 'P000292', 'P000296', 'P000317', 'P000328', 'P000339', 'P000355', 'P000372', 'P000380', 'P000394', 'P000396', 'P004261', 'P004269', 'P004271', 'P006950', 'P007111', 'P007610', 'P007982', 'P008033']"
E000373,"['P000023', 'P000046', 'P000084', 'P000134', 'P000136', 'P000142', 'P000163', 'P000181', 'P000211', 'P000226', 'P000233', 'P000252', 'P000279', 'P000290', 'P000292', 'P000296', 'P000317', 'P000335', 'P000372', 'P000380', 'P000394', 'P004209', 'P004862', 'P007111', 'P007514', 'P007982', 'P008031', 'P008032']"
E000374,"['P000023', 'P000046', 'P000084', 'P000134', 'P000136', 'P000142', 'P000163', 'P000181', 'P000211', 'P000226', 'P000233', 'P000252', 'P000279', 'P000290', 'P000292', 'P000296', 'P000317', 'P000335', 'P000372', 'P000380', 'P000394', 'P004862', 'P007111', 'P007534', 'P007982', 'P008031', 'P008032', 'P008034']"
E000375,"['P000046', 'P000084', 'P000134', 'P000142', 'P000163', 'P000181', 'P000233', 'P000279', 'P000290', 'P000292', 'P000296', 'P000317', 'P000328', 'P000339', 'P000355', 'P000372', 'P000380', 'P000394', 'P000396', 'P004257', 'P004261', 'P004269', 'P004271', 'P006950', 'P007111', 'P007768', 'P007982', 'P008033']"
E000376,"['P000023', 'P000046', 'P000084', 'P000134', 'P000136', 'P000142', 'P000163', 'P000181', 'P000211', 'P000226', 'P000233', 'P000252', 'P000279', 'P000290', 'P000292', 'P000296', 'P000317', 'P000335', 'P000372', 'P000380', 'P000394', 'P004209', 'P004211', 'P004862', 'P007111', 'P007506', 'P007982', 'P008031', 'P008032']"
E000377,"['P000023', 'P000046', 'P000084', 'P000134', 'P000136', 'P000142', 'P000163', 'P000181', 'P000211', 'P000226', 'P000233', 'P000252', 'P000279', 'P000290', 'P000292', 'P000296', 'P000317', 'P000335', 'P000372', 'P000380', 'P000394', 'P004196', 'P004862', 'P007111', 'P007703', 'P007982', 'P008031', 'P008032', 'P008035']"
E000378,"['P000023', 'P000046', 'P000084', 'P000134', 'P000136', 'P000142', 'P000163', 'P000181', 'P000211', 'P000226', 'P000233', 'P000252', 'P000279', 'P000290', 'P000292', 'P000296', 'P000317', 'P000335', 'P000372', 'P000380', 'P000394', 'P004234', 'P004862', 'P007111', 'P007497', 'P007982', 'P008031', 'P008032', 'P008035']"
E000379,"['P000046', 'P000084', 'P000134', 'P000142', 'P000163', 'P000181', 'P000233', 'P000279', 'P000290', 'P000292', 'P000296', 'P000317', 'P000328', 'P000339', 'P000355', 'P000372', 'P000380', 'P000394', 'P000396', 'P004251', 'P004257', 'P004261', 'P004269', 'P004271', 'P006950', 'P007111', 'P007766', 'P007982', 'P008033']"
E000380,"['P000023', 'P000046', 'P000084', 'P000134', 'P000136', 'P000142', 'P000163', 'P000181', 'P000211', 'P000226', 'P000233', 'P000252', 'P000279', 'P000290', 'P000292', 'P000296', 'P000317', 'P000335', 'P000372', 'P000380', 'P000394', 'P004185', 'P004196', 'P004862', 'P007111', 'P007463', 'P007982', 'P008031', 'P008032', 'P008035']"
E000381,"['P000023', 'P000046', 'P000084', 'P000134', 'P000136', 'P000142', 'P000163', 'P000181', 'P000211', 'P000226', 'P000233', 'P000252', 'P000279', 'P000290', 'P000292', 'P000296', 'P000317', 'P000335', 'P000372', 'P000380', 'P000394', 'P004234', 'P004862', 'P007111', 'P007459', 'P007982', 'P008031', 'P008032', 'P008035', 'P008036']"
